CensusId,County,County Unemployment Rate
1001,Autauga,9.4
1003,Baldwin,9.2
1005,Barbour,14.3
1007,Bibb,12.2
1009,Blount,9.7
1011,Bullock,15
1013,Butler,14.8
1015,Calhoun,14.2
1017,Chambers,17.2
1019,Cherokee,10.5
1021,Chilton,10.3
1023,Choctaw,14.1
1025,Clarke,18.9
1027,Clay,12.9
1029,Cleburne,11.2
1031,Coffee,7.7
1033,Colbert,9.9
1035,Conecuh,24.8
1037,Coosa,17.7
1039,Covington,11
1041,Crenshaw,9.5
1043,Cullman,9.7
1045,Dale,10.4
1047,Dallas,20
1049,DeKalb,11.4
1051,Elmore,8.9
1053,Escambia,15.8
1055,Etowah,11.8
1057,Fayette,9.8
1059,Franklin,10
1061,Geneva,9.4
1063,Greene,24.1
1065,Hale,16.2
1067,Henry,12.1
1069,Houston,8.2
1071,Jackson,10.2
1073,Jefferson,10.3
1075,Lamar,10.1
1077,Lauderdale,9.2
1079,Lawrence,12.7
1081,Lee,9.4
1083,Limestone,9.1
1085,Lowndes,17.5
1087,Macon,18.2
1089,Madison,10
1091,Marengo,10.6
1093,Marion,11.9
1095,Marshall,10.2
1097,Mobile,11.9
1099,Monroe,18.9
1101,Montgomery,8.9
1103,Morgan,11.8
1105,Perry,19.9
1107,Pickens,16.4
1109,Pike,10.7
1111,Randolph,12.1
1113,Russell,11.9
1115,St. Clair,10.8
1117,Shelby,6.5
1119,Sumter,17.6
1121,Talladega,15.1
1123,Tallapoosa,11.4
1125,Tuscaloosa,8.1
1127,Walker,14.5
1129,Washington,20.4
1131,Wilcox,27.1
1133,Winston,10.4
2013,Aleutians East Borough,1.7
2016,Aleutians West Census Area,4
2020,Anchorage Municipality,7.3
2050,Bethel Census Area,18.6
2060,Bristol Bay Borough,4.6
2068,Denali Borough,2.3
2070,Dillingham Census Area,16.1
2090,Fairbanks North Star Borough,7.9
2100,Haines Borough,8.3
2105,Hoonah-Angoon Census Area,13.9
2110,Juneau City and Borough,5.3
2122,Kenai Peninsula Borough,9.8
2130,Ketchikan Gateway Borough,8.7
2150,Kodiak Island Borough,6.9
2158,Kusilvak Census Area,10.9
2164,Lake and Peninsula Borough,10.5
2170,Matanuska-Susitna Borough,17.9
2180,Nome Census Area,12
2185,North Slope Borough,26.2
2188,Northwest Arctic Borough,6
2195,Petersburg Borough,12.8
2198,Prince of Wales-Hyder Census Area,5.3
2220,Sitka City and Borough,7.8
2230,Skagway Municipality,9.2
2240,Southeast Fairbanks Census Area,8
2261,Valdez-Cordova Census Area,28.1
2275,Wrangell City and Borough,8
2282,Yakutat City and Borough,6.2
2290,Yukon-Koyukuk Census Area,21.9
4001,Apache,20.7
4003,Cochise,9.4
4005,Coconino,9
4007,Gila,12.2
4009,Graham,13.1
4011,Greenlee,11.8
4012,La Paz,10.8
4013,Maricopa,9.5
4015,Mohave,14.5
4017,Navajo,19.4
4019,Pima,10.9
4021,Pinal,12.1
4023,Santa Cruz,13.1
4025,Yavapai,10.8
4027,Yuma,13.6
5001,Arkansas,8.2
5003,Ashley,11.2
5005,Baxter,10.4
5007,Benton,5.6
5009,Boone,9.3
5011,Bradley,8.3
5013,Calhoun,6.7
5015,Carroll,7.7
5017,Chicot,13.1
5019,Clark,11.1
5021,Clay,12.5
5023,Cleburne,10.9
5025,Cleveland,11.3
5027,Columbia,11.5
5029,Conway,10.3
5031,Craighead,9.1
5033,Crawford,8.6
5035,Crittenden,11.9
5037,Cross,9.7
5039,Dallas,9.6
5041,Desha,14.2
5043,Drew,13.2
5045,Faulkner,7.4
5047,Franklin,11.8
5049,Fulton,10.6
5051,Garland,10
5053,Grant,7.6
5055,Greene,9.2
5057,Hempstead,9.6
5059,Hot Spring,8.8
5061,Howard,9.4
5063,Independence,9
5065,Izard,11.4
5067,Jackson,11.6
5069,Jefferson,13.4
5071,Johnson,7.9
5073,Lafayette,15.5
5075,Lawrence,9.5
5077,Lee,16.7
5079,Lincoln,16.9
5081,Little River,6.5
5083,Logan,8.6
5085,Lonoke,8.1
5087,Madison,9.7
5089,Marion,10
5091,Miller,9.2
5093,Mississippi,13.3
5095,Monroe,14.3
5097,Montgomery,5.4
5099,Nevada,10.8
5101,Newton,4.8
5103,Ouachita,13.1
5105,Perry,8.6
5107,Phillips,20
5109,Pike,8.4
5111,Poinsett,12.8
5113,Polk,7.1
5115,Pope,8
5117,Prairie,5.3
5119,Pulaski,8.6
5121,Randolph,6.9
5123,St. Francis,12.7
5125,Saline,6.4
5127,Scott,9.2
5129,Searcy,7.3
5131,Sebastian,6.8
5133,Sevier,11.5
5135,Sharp,9.8
5137,Stone,6.3
5139,Union,10.2
5141,Van Buren,13.3
5143,Washington,7.6
5145,White,7.2
5147,Woodruff,10.8
5149,Yell,8.3
6001,Alameda,10.3
6003,Alpine,9.8
6005,Amador,16.8
6007,Butte,14.1
6009,Calaveras,11.6
6011,Colusa,13.3
6013,Contra Costa,10.4
6015,Del Norte,12.3
6017,El Dorado,12
6019,Fresno,14.5
6021,Glenn,12.8
6023,Humboldt,11.1
6025,Imperial,18.5
6027,Inyo,8.7
6029,Kern,13.7
6031,Kings,15.2
6033,Lake,16.5
6035,Lassen,13.6
6037,Los Angeles,11.4
6039,Madera,10.7
6041,Marin,7.6
6043,Mariposa,14.4
6045,Mendocino,12.1
6047,Merced,17.9
6049,Modoc,10.7
6051,Mono,10.3
6053,Monterey,11
6055,Napa,9.1
6057,Nevada,10.7
6059,Orange,9.4
6061,Placer,10
6063,Plumas,17.2
6065,Riverside,14.9
6067,Sacramento,13.7
6069,San Benito,13.8
6071,San Bernardino,14.5
6073,San Diego,10
6075,San Francisco,8.3
6077,San Joaquin,16.2
6079,San Luis Obispo,8.5
6081,San Mateo,8.1
6083,Santa Barbara,9.4
6085,Santa Clara,9.7
6087,Santa Cruz,9.3
6089,Shasta,13.4
6091,Sierra,10.2
6093,Siskiyou,14.9
6095,Solano,12.1
6097,Sonoma,10.2
6099,Stanislaus,16.8
6101,Sutter,15
6103,Tehama,15.8
6105,Trinity,15.8
6107,Tulare,14.5
6109,Tuolumne,17.3
6111,Ventura,9.6
6113,Yolo,10.4
6115,Yuba,19.3
8001,Adams,10
8003,Alamosa,11.5
8005,Arapahoe,8.8
8007,Archuleta,10.2
8009,Baca,3.8
8011,Bent,12
8013,Boulder,7.3
8014,Broomfield,6.5
8015,Chaffee,7.5
8017,Cheyenne,4.3
8019,Clear Creek,7.5
8021,Conejos,8.7
8023,Costilla,16.9
8025,Crowley,28.2
8027,Custer,15.4
8029,Delta,11.5
8031,Denver,8.7
8033,Dolores,10
8035,Douglas,5.6
8037,Eagle,5.7
8039,Elbert,7.8
8041,El Paso,9.5
8043,Fremont,8.5
8045,Garfield,8.7
8047,Gilpin,6.4
8049,Grand,5.9
8051,Gunnison,8.3
8053,Hinsdale,4.3
8055,Huerfano,13.3
8057,Jackson,1.5
8059,Jefferson,7.7
8061,Kiowa,4
8063,Kit Carson,5
8065,Lake,7.8
8067,La Plata,6.5
8069,Larimer,8.1
8071,Las Animas,9.1
8073,Lincoln,6.7
8075,Logan,10.8
8077,Mesa,8.7
8079,Mineral,2.9
8081,Moffat,7
8083,Montezuma,11.7
8085,Montrose,11
8087,Morgan,6.4
8089,Otero,11.9
8091,Ouray,11
8093,Park,8.3
8095,Phillips,6.3
8097,Pitkin,7.1
8099,Prowers,9.7
8101,Pueblo,11.6
8103,Rio Blanco,5.6
8105,Rio Grande,8.1
8107,Routt,5.6
8109,Saguache,9.7
8111,San Juan,18
8113,San Miguel,6.1
8115,Sedgwick,9.9
8117,Summit,6.2
8119,Teller,10.5
8121,Washington,4.7
8123,Weld,8.1
8125,Yuma,3.6
9001,Fairfield,9.9
9003,Hartford,10.3
9005,Litchfield,8.3
9007,Middlesex,7
9009,New Haven,10.5
9011,New London,8.8
9013,Tolland,7.5
9015,Windham,11.2
10001,Kent,9.8
10003,New Castle,8.6
10005,Sussex,9
11001,District of Columbia,11
12001,Alachua,8.6
12003,Baker,11.4
12005,Bay,9.9
12007,Bradford,15.7
12009,Brevard,12.4
12011,Broward,11.9
12013,Calhoun,10.2
12015,Charlotte,13.7
12017,Citrus,15.8
12019,Clay,11.3
12021,Collier,10.1
12023,Columbia,18.8
12027,DeSoto,12.6
12029,Dixie,9
12031,Duval,11.7
12033,Escambia,12
12035,Flagler,12.4
12037,Franklin,12
12039,Gadsden,14.1
12041,Gilchrist,16.5
12043,Glades,15.8
12045,Gulf,11.9
12047,Hamilton,16.3
12049,Hardee,13.9
12051,Hendry,15.4
12053,Hernando,17.2
12055,Highlands,15.2
12057,Hillsborough,11
12059,Holmes,11.1
12061,Indian River,14.7
12063,Jackson,12.9
12065,Jefferson,14.9
12067,Lafayette,11.2
12069,Lake,12
12071,Lee,13.5
12073,Leon,11.2
12075,Levy,14.8
12077,Liberty,20.6
12079,Madison,14.2
12081,Manatee,11.3
12083,Marion,13.8
12085,Martin,12.8
12086,Miami-Dade,11.8
12087,Monroe,7.5
12089,Nassau,10.1
12091,Okaloosa,8.8
12093,Okeechobee,15.9
12095,Orange,11.4
12097,Osceola,12.8
12099,Palm Beach,11.8
12101,Pasco,12.1
12103,Pinellas,10.5
12105,Polk,12.6
12107,Putnam,14.1
12109,St. Johns,7.8
12111,St. Lucie,15
12113,Santa Rosa,11
12115,Sarasota,11.4
12117,Seminole,10.7
12119,Sumter,13.2
12121,Suwannee,11.7
12123,Taylor,13.2
12125,Union,9.6
12127,Volusia,11.2
12129,Wakulla,10.5
12131,Walton,9.9
12133,Washington,13.5
13001,Appling,7
13003,Atkinson,10.2
13005,Bacon,4.9
13007,Baker,13.8
13009,Baldwin,9.8
13011,Banks,10.1
13013,Barrow,12
13015,Bartow,11.3
13017,Ben Hill,14.8
13019,Berrien,14.3
13021,Bibb,11.8
13023,Bleckley,8.7
13025,Brantley,11.4
13027,Brooks,15.8
13029,Bryan,10.2
13031,Bulloch,9.2
13033,Burke,9.5
13035,Butts,13.1
13037,Calhoun,5.7
13039,Camden,11
13043,Candler,9.1
13045,Carroll,12.8
13047,Catoosa,10.3
13049,Charlton,18.5
13051,Chatham,10
13053,Chattahoochee,17.9
13055,Chattooga,10.3
13057,Cherokee,8.1
13059,Clarke,9.2
13061,Clay,17.3
13063,Clayton,17
13065,Clinch,11.8
13067,Cobb,9.7
13069,Coffee,10.5
13071,Colquitt,9.7
13073,Columbia,7.9
13075,Cook,10.7
13077,Coweta,8.5
13079,Crawford,12.4
13081,Crisp,16.6
13083,Dade,10.6
13085,Dawson,11.1
13087,Decatur,8.6
13089,DeKalb,14
13091,Dodge,11.3
13093,Dooly,8.5
13095,Dougherty,17
13097,Douglas,13.2
13099,Early,8.6
13101,Echols,8.8
13103,Effingham,8.4
13105,Elbert,12.9
13107,Emanuel,14.5
13109,Evans,9
13111,Fannin,15
13113,Fayette,9
13115,Floyd,12.6
13117,Forsyth,8.2
13119,Franklin,10.4
13121,Fulton,11.6
13123,Gilmer,10.9
13125,Glascock,11
13127,Glynn,11.6
13129,Gordon,10.1
13131,Grady,13.3
13133,Greene,10.4
13135,Gwinnett,10.4
13137,Habersham,10.4
13139,Hall,9.4
13141,Hancock,18.6
13143,Haralson,15.6
13145,Harris,8.4
13147,Hart,9.2
13149,Heard,13.3
13151,Henry,11.6
13153,Houston,10.7
13155,Irwin,10.2
13157,Jackson,8.6
13159,Jasper,13.1
13161,Jeff Davis,10.5
13163,Jefferson,17.4
13165,Jenkins,13.7
13167,Johnson,9.8
13169,Jones,9.5
13171,Lamar,16.3
13173,Lanier,11.4
13175,Laurens,7.2
13177,Lee,7.9
13179,Liberty,13.5
13181,Lincoln,12.2
13183,Long,16
13185,Lowndes,13.3
13187,Lumpkin,13.2
13189,McDuffie,11.2
13191,McIntosh,14.2
13193,Macon,16
13195,Madison,7.9
13197,Marion,14.9
13199,Meriwether,16.5
13201,Miller,9.7
13205,Mitchell,11.3
13207,Monroe,10
13209,Montgomery,5
13211,Morgan,8.2
13213,Murray,13.1
13215,Muscogee,12
13217,Newton,13.8
13219,Oconee,6.3
13221,Oglethorpe,6.9
13223,Paulding,10.6
13225,Peach,14
13227,Pickens,9.8
13229,Pierce,8.9
13231,Pike,9.7
13233,Polk,14.3
13235,Pulaski,10.8
13237,Putnam,8.1
13239,Quitman,14.4
13241,Rabun,9.8
13243,Randolph,16.7
13245,Richmond,13.1
13247,Rockdale,13.3
13249,Schley,8
13251,Screven,11.8
13253,Seminole,9.6
13255,Spalding,14.1
13257,Stephens,12.8
13259,Stewart,19.4
13261,Sumter,13.2
13263,Talbot,14.6
13265,Taliaferro,17.1
13267,Tattnall,12.4
13269,Taylor,15.8
13271,Telfair,2.3
13273,Terrell,16.6
13275,Thomas,13.3
13277,Tift,8.8
13279,Toombs,9.7
13281,Towns,14.3
13283,Treutlen,5.6
13285,Troup,13.9
13287,Turner,12.4
13289,Twiggs,13.2
13291,Union,14.2
13293,Upson,15
13295,Walker,11.4
13297,Walton,8.7
13299,Ware,9.8
13301,Warren,15.9
13303,Washington,11.6
13305,Wayne,14.2
13307,Webster,9
13309,Wheeler,4.1
13311,White,8.8
13313,Whitfield,12.9
13315,Wilcox,10.6
13317,Wilkes,13.4
13319,Wilkinson,7.7
13321,Worth,12.9
15001,Hawaii,10.8
15003,Honolulu,6.1
15005,Kalawao,0
15007,Kauai,7.2
15009,Maui,8.5
16001,Ada,8.4
16003,Adams,10
16005,Bannock,8.2
16007,Bear Lake,5.6
16009,Benewah,10.5
16011,Bingham,7.6
16013,Blaine,6
16015,Boise,12.9
16017,Bonner,8.7
16019,Bonneville,6.6
16021,Boundary,5.5
16023,Butte,8.9
16025,Camas,12.9
16027,Canyon,12.1
16029,Caribou,4.5
16031,Cassia,8.3
16033,Clark,0.3
16035,Clearwater,10
16037,Custer,6
16039,Elmore,10.5
16041,Franklin,7
16043,Fremont,6.9
16045,Gem,15.1
16047,Gooding,5.6
16049,Idaho,8.2
16051,Jefferson,6.6
16053,Jerome,7.2
16055,Kootenai,9.6
16057,Latah,8.5
16059,Lemhi,8.8
16061,Lewis,7.6
16063,Lincoln,8.5
16065,Madison,10.8
16067,Minidoka,5.8
16069,Nez Perce,6.3
16071,Oneida,4
16073,Owyhee,12.9
16075,Payette,12
16077,Power,8
16079,Shoshone,11.6
16081,Teton,11
16083,Twin Falls,7.3
16085,Valley,7.4
16087,Washington,13.7
17001,Adams,7.6
17003,Alexander,17.2
17005,Bond,7.6
17007,Boone,12.2
17009,Brown,6.8
17011,Bureau,9.8
17013,Calhoun,8.2
17015,Carroll,9.3
17017,Cass,11.5
17019,Champaign,7.4
17021,Christian,7
17023,Clark,9.5
17025,Clay,9.9
17027,Clinton,6.2
17029,Coles,12.6
17031,Cook,12.2
17033,Crawford,10.9
17035,Cumberland,9.2
17037,DeKalb,10.6
17039,De Witt,6.9
17041,Douglas,6.4
17043,DuPage,8.6
17045,Edgar,11.7
17047,Edwards,9.5
17049,Effingham,5.8
17051,Fayette,10.3
17053,Ford,9.1
17055,Franklin,11
17057,Fulton,9.1
17059,Gallatin,11.6
17061,Greene,8.3
17063,Grundy,9.9
17065,Hamilton,7.8
17067,Hancock,7.5
17069,Hardin,13.8
17071,Henderson,7.8
17073,Henry,5.7
17075,Iroquois,9
17077,Jackson,9.7
17079,Jasper,7.5
17081,Jefferson,10.8
17083,Jersey,9
17085,Jo Daviess,6
17087,Johnson,11.4
17089,Kane,9.5
17091,Kankakee,11.5
17093,Kendall,8
17095,Knox,9
17097,Lake,9.6
17099,LaSalle,11.3
17101,Lawrence,5.5
17103,Lee,8.6
17105,Livingston,7.7
17107,Logan,7.1
17109,McDonough,9.9
17111,McHenry,10.3
17113,McLean,6.6
17115,Macon,11.7
17117,Macoupin,8.9
17119,Madison,9.3
17121,Marion,10.9
17123,Marshall,7.6
17125,Mason,11.9
17127,Massac,9.5
17129,Menard,5.6
17131,Mercer,6.1
17133,Monroe,6.3
17135,Montgomery,6.2
17137,Morgan,8.1
17139,Moultrie,5.5
17141,Ogle,10.6
17143,Peoria,9.3
17145,Perry,9.2
17147,Piatt,5.6
17149,Pike,6.6
17151,Pope,7.5
17153,Pulaski,13.1
17155,Putnam,11.2
17157,Randolph,7.2
17159,Richland,7
17161,Rock Island,8.2
17163,St. Clair,9.5
17165,Saline,12.8
17167,Sangamon,8.2
17169,Schuyler,6.5
17171,Scott,8.2
17173,Shelby,7.4
17175,Stark,8.3
17177,Stephenson,12.3
17179,Tazewell,7.3
17181,Union,9.5
17183,Vermilion,11.9
17185,Wabash,8.4
17187,Warren,10.9
17189,Washington,5.8
17191,Wayne,5
17193,White,7.9
17195,Whiteside,8.8
17197,Will,9.7
17199,Williamson,9.4
17201,Winnebago,12.8
17203,Woodford,6.4
18001,Adams,8.7
18003,Allen,9.7
18005,Bartholomew,6.7
18007,Benton,6
18009,Blackford,12.7
18011,Boone,4.8
18013,Brown,8.3
18015,Carroll,10.1
18017,Cass,10.4
18019,Clark,8.8
18021,Clay,8.7
18023,Clinton,9.3
18025,Crawford,10.6
18027,Daviess,5.1
18029,Dearborn,9.1
18031,Decatur,10.3
18033,DeKalb,10.8
18035,Delaware,12.6
18037,Dubois,5.4
18039,Elkhart,11
18041,Fayette,15.2
18043,Floyd,8.8
18045,Fountain,10.2
18047,Franklin,7.4
18049,Fulton,8.3
18051,Gibson,5.9
18053,Grant,10.1
18055,Greene,8.3
18057,Hamilton,5.4
18059,Hancock,7.5
18061,Harrison,9.6
18063,Hendricks,6.1
18065,Henry,12.7
18067,Howard,11.2
18069,Huntington,10.9
18071,Jackson,9.8
18073,Jasper,9.2
18075,Jay,10.6
18077,Jefferson,9.5
18079,Jennings,14.8
18081,Johnson,7
18083,Knox,6.8
18085,Kosciusko,9.1
18087,LaGrange,9.2
18089,Lake,11.6
18091,LaPorte,10.9
18093,Lawrence,9.3
18095,Madison,11.7
18097,Marion,11.8
18099,Marshall,10.5
18101,Martin,6.8
18103,Miami,12.8
18105,Monroe,7.5
18107,Montgomery,9.7
18109,Morgan,8.5
18111,Newton,9.8
18113,Noble,11.2
18115,Ohio,9.2
18117,Orange,10.3
18119,Owen,8.8
18121,Parke,8
18123,Perry,7.6
18125,Pike,5.8
18127,Porter,8.7
18129,Posey,6.5
18131,Pulaski,9.5
18133,Putnam,8.9
18135,Randolph,9.4
18137,Ripley,8.8
18139,Rush,9.2
18141,St. Joseph,11
18143,Scott,14.9
18145,Shelby,10
18147,Spencer,7.6
18149,Starke,14.4
18151,Steuben,11
18153,Sullivan,8.3
18155,Switzerland,11.3
18157,Tippecanoe,8.4
18159,Tipton,7.5
18161,Union,10.5
18163,Vanderburgh,7.1
18165,Vermillion,9.8
18167,Vigo,8.6
18169,Wabash,10.1
18171,Warren,6.5
18173,Warrick,7
18175,Washington,11.3
18177,Wayne,11.3
18179,Wells,7.6
18181,White,9.1
18183,Whitley,8.4
19001,Adair,3.9
19003,Adams,4.7
19005,Allamakee,6.3
19007,Appanoose,8.6
19009,Audubon,2.6
19011,Benton,5.2
19013,Black Hawk,8.2
19015,Boone,5.5
19017,Bremer,4.3
19019,Buchanan,5
19021,Buena Vista,3.8
19023,Butler,4.3
19025,Calhoun,4.1
19027,Carroll,3
19029,Cass,3.2
19031,Cedar,3.7
19033,Cerro Gordo,6
19035,Cherokee,4.4
19037,Chickasaw,5.6
19039,Clarke,5.4
19041,Clay,5.7
19043,Clayton,5.7
19045,Clinton,6.6
19047,Crawford,5.3
19049,Dallas,3.4
19051,Davis,6.7
19053,Decatur,8.6
19055,Delaware,4.4
19057,Des Moines,8.5
19059,Dickinson,4.3
19061,Dubuque,4.8
19063,Emmet,5.6
19065,Fayette,5.5
19067,Floyd,5.4
19069,Franklin,4.6
19071,Fremont,4.9
19073,Greene,5.8
19075,Grundy,5.3
19077,Guthrie,5.3
19079,Hamilton,6.6
19081,Hancock,3.9
19083,Hardin,6.1
19085,Harrison,4.7
19087,Henry,7.1
19089,Howard,4.9
19091,Humboldt,3.8
19093,Ida,3
19095,Iowa,4.1
19097,Jackson,4.2
19099,Jasper,5.6
19101,Jefferson,6.9
19103,Johnson,4.3
19105,Jones,5.8
19107,Keokuk,6.8
19109,Kossuth,2.6
19111,Lee,8.6
19113,Linn,5.5
19115,Louisa,7.7
19117,Lucas,9.8
19119,Lyon,3.1
19121,Madison,6.6
19123,Mahaska,7.7
19125,Marion,4.4
19127,Marshall,6.9
19129,Mills,4.4
19131,Mitchell,3.5
19133,Monona,6.4
19135,Monroe,6
19137,Montgomery,9.3
19139,Muscatine,7.7
19141,O'Brien,3
19143,Osceola,3
19145,Page,6
19147,Palo Alto,5.1
19149,Plymouth,3.4
19151,Pocahontas,4.8
19153,Polk,6.2
19155,Pottawattamie,6.5
19157,Poweshiek,6.8
19159,Ringgold,5.7
19161,Sac,4.4
19163,Scott,5.8
19165,Shelby,3
19167,Sioux,2.4
19169,Story,6.2
19171,Tama,7.1
19173,Taylor,4.6
19175,Union,7.1
19177,Van Buren,7.9
19179,Wapello,9
19181,Warren,5.5
19183,Washington,4.6
19185,Wayne,9.3
19187,Webster,10.2
19189,Winnebago,5.8
19191,Winneshiek,3.7
19193,Woodbury,5.6
19195,Worth,5.8
19197,Wright,6.7
20001,Allen,7.7
20003,Anderson,7.6
20005,Atchison,8.7
20007,Barber,2.5
20009,Barton,7
20011,Bourbon,6.4
20013,Brown,5.8
20015,Butler,6.8
20017,Chase,4.6
20019,Chautauqua,4.7
20021,Cherokee,6.6
20023,Cheyenne,2.3
20025,Clark,1.4
20027,Clay,1.8
20029,Cloud,6
20031,Coffey,6.2
20033,Comanche,3.1
20035,Cowley,8.3
20037,Crawford,7.6
20039,Decatur,4
20041,Dickinson,5.8
20043,Doniphan,6
20045,Douglas,6.9
20047,Edwards,4.9
20049,Elk,7.4
20051,Ellis,4.1
20053,Ellsworth,4.7
20055,Finney,4
20057,Ford,6.3
20059,Franklin,7.7
20061,Geary,8.3
20063,Gove,2.7
20065,Graham,1.3
20067,Grant,6.5
20069,Gray,4
20071,Greeley,2
20073,Greenwood,6.4
20075,Hamilton,3
20077,Harper,6.2
20079,Harvey,5.6
20081,Haskell,5.4
20083,Hodgeman,3.8
20085,Jackson,4.7
20087,Jefferson,6.4
20089,Jewell,3.5
20091,Johnson,5.4
20093,Kearny,3.2
20095,Kingman,5.3
20097,Kiowa,4.4
20099,Labette,7.7
20101,Lane,5.4
20103,Leavenworth,8.2
20105,Lincoln,6.1
20107,Linn,8.7
20109,Logan,4.9
20111,Lyon,7.1
20113,McPherson,3.5
20115,Marion,5.6
20117,Marshall,2.9
20119,Meade,3.4
20121,Miami,7.3
20123,Mitchell,2.2
20125,Montgomery,11.4
20127,Morris,4.4
20129,Morton,3.7
20131,Nemaha,1.6
20133,Neosho,8.6
20135,Ness,3
20137,Norton,2
20139,Osage,8.9
20141,Osborne,3.9
20143,Ottawa,5.6
20145,Pawnee,5.1
20147,Phillips,4.9
20149,Pottawatomie,3.3
20151,Pratt,4.6
20153,Rawlins,1.6
20155,Reno,6.7
20157,Republic,4.4
20159,Rice,6.3
20161,Riley,4.7
20163,Rooks,5.5
20165,Rush,8.2
20167,Russell,6.2
20169,Saline,6.2
20171,Scott,2.8
20173,Sedgwick,8.8
20175,Seward,10.9
20177,Shawnee,7.9
20179,Sheridan,1.7
20181,Sherman,6.8
20183,Smith,3.8
20185,Stafford,2.9
20187,Stanton,6.2
20189,Stevens,3.8
20191,Sumner,8.5
20193,Thomas,2.4
20195,Trego,1.4
20197,Wabaunsee,5
20199,Wallace,3.3
20201,Washington,3
20203,Wichita,4.7
20205,Wilson,7.3
20207,Woodson,7.3
20209,Wyandotte,13.1
21001,Adair,10.2
21003,Allen,13.2
21005,Anderson,8.1
21007,Ballard,8.3
21009,Barren,8.4
21011,Bath,12.9
21013,Bell,12.8
21015,Boone,6.9
21017,Bourbon,10
21019,Boyd,11.6
21021,Boyle,10.4
21023,Bracken,8.4
21025,Breathitt,13.8
21027,Breckinridge,15.2
21029,Bullitt,9.7
21031,Butler,11
21033,Caldwell,11.1
21035,Calloway,9.7
21037,Campbell,8.5
21039,Carlisle,8.4
21041,Carroll,16.2
21043,Carter,11.4
21045,Casey,9.1
21047,Christian,14.3
21049,Clark,9.6
21051,Clay,21.6
21053,Clinton,11.5
21055,Crittenden,8.4
21057,Cumberland,14
21059,Daviess,7.4
21061,Edmonson,12.3
21063,Elliott,10
21065,Estill,16
21067,Fayette,8.2
21069,Fleming,9.7
21071,Floyd,9.4
21073,Franklin,10.3
21075,Fulton,15.1
21077,Gallatin,11
21079,Garrard,12.5
21081,Grant,12.2
21083,Graves,9.3
21085,Grayson,12.6
21087,Green,10.7
21089,Greenup,10.8
21091,Hancock,6.3
21093,Hardin,9.3
21095,Harlan,10
21097,Harrison,11.5
21099,Hart,10.3
21101,Henderson,10.1
21103,Henry,8.1
21105,Hickman,13
21107,Hopkins,8.9
21109,Jackson,9.6
21111,Jefferson,10.1
21113,Jessamine,9
21115,Johnson,8.8
21117,Kenton,8.9
21119,Knott,9.7
21121,Knox,18.6
21123,Larue,11.3
21125,Laurel,12
21127,Lawrence,9.5
21129,Lee,11.1
21131,Leslie,12.6
21133,Letcher,12.3
21135,Lewis,10.1
21137,Lincoln,12.3
21139,Livingston,9.2
21141,Logan,9.7
21143,Lyon,8.2
21145,McCracken,8.2
21147,McCreary,16.4
21149,McLean,8.8
21151,Madison,9.1
21153,Magoffin,16.5
21155,Marion,8.8
21157,Marshall,8.8
21159,Martin,15.2
21161,Mason,7.6
21163,Meade,11.5
21165,Menifee,13.7
21167,Mercer,13.3
21169,Metcalfe,9.1
21171,Monroe,9.2
21173,Montgomery,13.2
21175,Morgan,11.4
21177,Muhlenberg,8.5
21179,Nelson,11.1
21181,Nicholas,6.7
21183,Ohio,9.1
21185,Oldham,6.2
21187,Owen,8.4
21189,Owsley,14.4
21191,Pendleton,8.6
21193,Perry,12.5
21195,Pike,10.6
21197,Powell,11.5
21199,Pulaski,9
21201,Robertson,14.4
21203,Rockcastle,12
21205,Rowan,7.5
21207,Russell,11.6
21209,Scott,8.9
21211,Shelby,8
21213,Simpson,9.5
21215,Spencer,8.4
21217,Taylor,11.9
21219,Todd,8.2
21221,Trigg,8.8
21223,Trimble,12.5
21225,Union,8.8
21227,Warren,9.2
21229,Washington,8.1
21231,Wayne,15.3
21233,Webster,6.3
21235,Whitley,11.4
21237,Wolfe,6.7
21239,Woodford,7.2
22001,Acadia,9.2
22003,Allen,9
22005,Ascension,6.1
22007,Assumption,11.1
22009,Avoyelles,10.2
22011,Beauregard,7
22013,Bienville,12.4
22015,Bossier,6.6
22017,Caddo,8.2
22019,Calcasieu,9.1
22021,Caldwell,8.5
22023,Cameron,5.9
22025,Catahoula,12.1
22027,Claiborne,14.6
22029,Concordia,18.6
22031,De Soto,9.9
22033,East Baton Rouge,8.2
22035,East Carroll,21.1
22037,East Feliciana,6.7
22039,Evangeline,8.1
22041,Franklin,12.3
22043,Grant,10
22045,Iberia,9.9
22047,Iberville,8
22049,Jackson,7.2
22051,Jefferson,7.5
22053,Jefferson Davis,10
22055,Lafayette,6.4
22057,Lafourche,5.9
22059,LaSalle,6.2
22061,Lincoln,12.1
22063,Livingston,7.8
22065,Madison,21.5
22067,Morehouse,10.7
22069,Natchitoches,10.1
22071,Orleans,12
22073,Ouachita,8.1
22075,Plaquemines,5.1
22077,Pointe Coupee,6.7
22079,Rapides,8.7
22081,Red River,13.3
22083,Richland,12.6
22085,Sabine,11.1
22087,St. Bernard,12.4
22089,St. Charles,8.6
22091,St. Helena,13.9
22093,St. James,10.5
22095,St. John the Baptist,10.9
22097,St. Landry,6.7
22099,St. Martin,8.6
22101,St. Mary,11.8
22103,St. Tammany,7.8
22105,Tangipahoa,12.8
22107,Tensas,11.1
22109,Terrebonne,6.9
22111,Union,7.4
22113,Vermilion,8.6
22115,Vernon,7.2
22117,Washington,15.8
22119,Webster,10.6
22121,West Baton Rouge,6.2
22123,West Carroll,9.2
22125,West Feliciana,8.9
22127,Winn,8.4
23001,Androscoggin,9.4
23003,Aroostook,7.4
23005,Cumberland,6.2
23007,Franklin,8.6
23009,Hancock,8.2
23011,Kennebec,8.4
23013,Knox,5.1
23015,Lincoln,5.8
23017,Oxford,10.3
23019,Penobscot,8.2
23021,Piscataquis,9
23023,Sagadahoc,6.4
23025,Somerset,9.2
23027,Waldo,8.6
23029,Washington,11.2
23031,York,7.2
24001,Allegany,9.9
24003,Anne Arundel,7
24005,Baltimore,7.6
24009,Calvert,7
24011,Caroline,10.3
24013,Carroll,5.2
24015,Cecil,9
24017,Charles,7.4
24019,Dorchester,13.2
24021,Frederick,6.2
24023,Garrett,7
24025,Harford,7.4
24027,Howard,5.2
24029,Kent,7.9
24031,Montgomery,6.3
24033,Prince George's,9.9
24035,Queen Anne's,7.1
24037,St. Mary's,5.6
24039,Somerset,8.5
24041,Talbot,8.4
24043,Washington,8.7
24045,Wicomico,10.5
24047,Worcester,10.4
24510,Baltimore city,13.9
25001,Barnstable,8.2
25003,Berkshire,9.9
25005,Bristol,11
25007,Dukes,3.8
25009,Essex,8.7
25011,Franklin,8.1
25013,Hampden,10.9
25015,Hampshire,7.9
25017,Middlesex,7.3
25019,Nantucket,3.2
25021,Norfolk,7.8
25023,Plymouth,9.6
25025,Suffolk,10.6
25027,Worcester,9.1
26001,Alcona,14.5
26003,Alger,13.4
26005,Allegan,9
26007,Alpena,11.1
26009,Antrim,13.5
26011,Arenac,14.4
26013,Baraga,10.2
26015,Barry,10.2
26017,Bay,11.3
26019,Benzie,10.9
26021,Berrien,12.1
26023,Branch,11.8
26025,Calhoun,13.2
26027,Cass,12
26029,Charlevoix,10.9
26031,Cheboygan,18.3
26033,Chippewa,13.6
26035,Clare,18.1
26037,Clinton,7.8
26039,Crawford,14.7
26041,Delta,11
26043,Dickinson,9.9
26045,Eaton,10.3
26047,Emmet,10.1
26049,Genesee,16.3
26051,Gladwin,13.9
26053,Gogebic,10.8
26055,Grand Traverse,9
26057,Gratiot,12.2
26059,Hillsdale,12.9
26061,Houghton,9.2
26063,Huron,10.2
26065,Ingham,10.8
26067,Ionia,12
26069,Iosco,16.4
26071,Iron,8.7
26073,Isabella,13.5
26075,Jackson,12.6
26077,Kalamazoo,11.8
26079,Kalkaska,14.8
26081,Kent,10.1
26083,Keweenaw,6.6
26085,Lake,15.6
26087,Lapeer,14.2
26089,Leelanau,8.6
26091,Lenawee,11.9
26093,Livingston,8.7
26095,Luce,11.9
26097,Mackinac,14.2
26099,Macomb,12.5
26101,Manistee,13.2
26103,Marquette,8.3
26105,Mason,11.5
26107,Mecosta,15.4
26109,Menominee,12.5
26111,Midland,8.5
26113,Missaukee,13.6
26115,Monroe,11.4
26117,Montcalm,14.3
26119,Montmorency,18.4
26121,Muskegon,15.6
26123,Newaygo,14.3
26125,Oakland,10.2
26127,Oceana,9.7
26129,Ogemaw,16.1
26131,Ontonagon,14.9
26133,Osceola,13
26135,Oscoda,16
26137,Otsego,11.7
26139,Ottawa,8.4
26141,Presque Isle,14.6
26143,Roscommon,16.1
26145,Saginaw,13.4
26147,St. Clair,14.7
26149,St. Joseph,14.1
26151,Sanilac,14.6
26153,Schoolcraft,17.1
26155,Shiawassee,12.6
26157,Tuscola,13.6
26159,Van Buren,10.7
26161,Washtenaw,9.1
26163,Wayne,18.1
26165,Wexford,14
27001,Aitkin,9.6
27003,Anoka,7.8
27005,Becker,5.3
27007,Beltrami,11.8
27009,Benton,9.8
27011,Big Stone,3.2
27013,Blue Earth,6.6
27015,Brown,4.5
27017,Carlton,7.8
27019,Carver,5.7
27021,Cass,9.7
27023,Chippewa,4.4
27025,Chisago,6.6
27027,Clay,5.4
27029,Clearwater,10
27031,Cook,4.5
27033,Cottonwood,4.6
27035,Crow Wing,8.4
27037,Dakota,6.7
27039,Dodge,4
27041,Douglas,6.1
27043,Faribault,5.7
27045,Fillmore,6.1
27047,Freeborn,5.4
27049,Goodhue,6.3
27051,Grant,5.1
27053,Hennepin,7.7
27055,Houston,5.8
27057,Hubbard,5.7
27059,Isanti,9
27061,Itasca,9.9
27063,Jackson,4.3
27065,Kanabec,12.3
27067,Kandiyohi,6.9
27069,Kittson,2.8
27071,Koochiching,7.3
27073,Lac qui Parle,4.6
27075,Lake,5.7
27077,Lake of the Woods,3.8
27079,Le Sueur,6.3
27081,Lincoln,3.3
27083,Lyon,4.8
27085,McLeod,6.1
27087,Mahnomen,9.6
27089,Marshall,5.9
27091,Martin,4.2
27093,Meeker,7.1
27095,Mille Lacs,9.1
27097,Morrison,8.8
27099,Mower,6.3
27101,Murray,4.8
27103,Nicollet,5
27105,Nobles,6.6
27107,Norman,5.7
27109,Olmsted,4.3
27111,Otter Tail,6.1
27113,Pennington,5
27115,Pine,10.1
27117,Pipestone,5.7
27119,Polk,6.6
27121,Pope,5.1
27123,Ramsey,8.5
27125,Red Lake,5.5
27127,Redwood,4.9
27129,Renville,6.5
27131,Rice,7
27133,Rock,3
27135,Roseau,3.6
27137,St. Louis,8.5
27139,Scott,6.1
27141,Sherburne,7.1
27143,Sibley,7.3
27145,Stearns,6.5
27147,Steele,6.9
27149,Stevens,6.1
27151,Swift,4.4
27153,Todd,7.3
27155,Traverse,2.7
27157,Wabasha,5.8
27159,Wadena,5.9
27161,Waseca,5.9
27163,Washington,6.1
27165,Watonwan,5.9
27167,Wilkin,4.2
27169,Winona,8.2
27171,Wright,6.8
27173,Yellow Medicine,4.1
28001,Adams,11.4
28003,Alcorn,10.3
28005,Amite,12.9
28007,Attala,14.5
28009,Benton,20.2
28011,Bolivar,17.6
28013,Calhoun,10.4
28015,Carroll,12.5
28017,Chickasaw,12.6
28019,Choctaw,16.7
28021,Claiborne,13.2
28023,Clarke,13
28025,Clay,20
28027,Coahoma,19.4
28029,Copiah,14.1
28031,Covington,13.3
28033,DeSoto,8.5
28035,Forrest,12.5
28037,Franklin,12.1
28039,George,12.4
28041,Greene,14.6
28043,Grenada,11.6
28045,Hancock,10.8
28047,Harrison,9.7
28049,Hinds,11.3
28051,Holmes,19.4
28053,Humphreys,25.4
28055,Issaquena,27.6
28057,Itawamba,9
28059,Jackson,10.7
28061,Jasper,7.3
28063,Jefferson,14.6
28065,Jefferson Davis,13.6
28067,Jones,7.4
28069,Kemper,15.1
28071,Lafayette,9.6
28073,Lamar,6.4
28075,Lauderdale,11.2
28077,Lawrence,9.3
28079,Leake,11
28081,Lee,7.5
28083,Leflore,17.7
28085,Lincoln,7.6
28087,Lowndes,14.6
28089,Madison,6
28091,Marion,10.7
28093,Marshall,14
28095,Monroe,11.8
28097,Montgomery,10.4
28099,Neshoba,12.6
28101,Newton,8.5
28103,Noxubee,20.5
28105,Oktibbeha,13.8
28107,Panola,12
28109,Pearl River,11.3
28111,Perry,12
28113,Pike,10.2
28115,Pontotoc,7.2
28117,Prentiss,14
28119,Quitman,15.5
28121,Rankin,6
28123,Scott,10.5
28125,Sharkey,21.8
28127,Simpson,12.5
28129,Smith,7
28131,Stone,13
28133,Sunflower,21.7
28135,Tallahatchie,16.5
28137,Tate,11.8
28139,Tippah,14.5
28141,Tishomingo,11
28143,Tunica,10.2
28145,Union,10.5
28147,Walthall,10.6
28149,Warren,8
28151,Washington,21.4
28153,Wayne,10.5
28155,Webster,14.7
28157,Wilkinson,14.8
28159,Winston,15.5
28161,Yalobusha,8.9
28163,Yazoo,20.4
29001,Adair,6.7
29003,Andrew,7
29005,Atchison,5.8
29007,Audrain,7.8
29009,Barry,13.5
29011,Barton,7
29013,Bates,9.2
29015,Benton,8.2
29017,Bollinger,6.2
29019,Boone,6.1
29021,Buchanan,8.4
29023,Butler,9.6
29025,Caldwell,7.3
29027,Callaway,7
29029,Camden,8.6
29031,Cape Girardeau,7.4
29033,Carroll,7.2
29035,Carter,9.9
29037,Cass,7.5
29039,Cedar,10.2
29041,Chariton,4.9
29043,Christian,7.6
29045,Clark,6.4
29047,Clay,6.8
29049,Clinton,8.1
29051,Cole,5
29053,Cooper,8.7
29055,Crawford,11.9
29057,Dade,7.5
29059,Dallas,14.6
29061,Daviess,6.1
29063,DeKalb,7.4
29065,Dent,9.7
29067,Douglas,10
29069,Dunklin,9.5
29071,Franklin,9.3
29073,Gasconade,9
29075,Gentry,7.9
29077,Greene,8.5
29079,Grundy,6.1
29081,Harrison,7.1
29083,Henry,8.5
29085,Hickory,15.7
29087,Holt,5.1
29089,Howard,7.5
29091,Howell,8.7
29093,Iron,13.2
29095,Jackson,9.4
29097,Jasper,8.3
29099,Jefferson,9.8
29101,Johnson,8.9
29103,Knox,7.5
29105,Laclede,10.3
29107,Lafayette,7.3
29109,Lawrence,8.7
29111,Lewis,7.2
29113,Lincoln,12.2
29115,Linn,6.4
29117,Livingston,6.3
29119,McDonald,9.9
29121,Macon,7.5
29123,Madison,14.9
29125,Maries,9.9
29127,Marion,7.2
29129,Mercer,9.8
29131,Miller,10.1
29133,Mississippi,13.3
29135,Moniteau,6.8
29137,Monroe,6.2
29139,Montgomery,11.7
29141,Morgan,17.2
29143,New Madrid,8.6
29145,Newton,7.2
29147,Nodaway,6.5
29149,Oregon,11.1
29151,Osage,3.5
29153,Ozark,11.1
29155,Pemiscot,10.4
29157,Perry,4.7
29159,Pettis,6.8
29161,Phelps,7.7
29163,Pike,7.6
29165,Platte,6.2
29167,Polk,10.8
29169,Pulaski,11.1
29171,Putnam,3
29173,Ralls,5.4
29175,Randolph,8.8
29177,Ray,8.4
29179,Reynolds,13.9
29181,Ripley,12.7
29183,St. Charles,6.8
29185,St. Clair,9.2
29186,Ste. Genevieve,6.3
29187,St. Francois,10.3
29189,St. Louis,8.6
29195,Saline,7.3
29197,Schuyler,8.8
29199,Scotland,4.2
29201,Scott,8.1
29203,Shannon,11.2
29205,Shelby,6.7
29207,Stoddard,10.4
29209,Stone,12.9
29211,Sullivan,7
29213,Taney,11.7
29215,Texas,7.4
29217,Vernon,6.3
29219,Warren,10.6
29221,Washington,14
29223,Wayne,11
29225,Webster,8.4
29227,Worth,5
29229,Wright,10.8
29510,St. Louis city,14.3
30001,Beaverhead,6.3
30003,Big Horn,20.9
30005,Blaine,9.7
30007,Broadwater,4.8
30009,Carbon,4.4
30011,Carter,1.1
30013,Cascade,6.2
30015,Chouteau,4.2
30017,Custer,4.2
30019,Daniels,2.8
30021,Dawson,2.5
30023,Deer Lodge,9.4
30025,Fallon,3.4
30027,Fergus,4.9
30029,Flathead,8.6
30031,Gallatin,6.7
30033,Garfield,0.2
30035,Glacier,17.7
30037,Golden Valley,4
30039,Granite,6.6
30041,Hill,5.1
30043,Jefferson,6.9
30045,Judith Basin,5.1
30047,Lake,14.9
30049,Lewis and Clark,5.5
30051,Liberty,4.3
30053,Lincoln,12.8
30055,McCone,1.8
30057,Madison,7
30059,Meagher,3.4
30061,Mineral,14.5
30063,Missoula,9.6
30065,Musselshell,5.5
30067,Park,7
30069,Petroleum,2.2
30071,Phillips,6.2
30073,Pondera,7
30075,Powder River,5.1
30077,Powell,3.7
30079,Prairie,7.6
30081,Ravalli,9.3
30083,Richland,3.4
30085,Roosevelt,4
30087,Rosebud,9.7
30089,Sanders,9.2
30091,Sheridan,2.7
30093,Silver Bow,7
30095,Stillwater,3.9
30097,Sweet Grass,4.5
30099,Teton,6.1
30101,Toole,3.2
30103,Treasure,3
30105,Valley,3.8
30107,Wheatland,4.5
30109,Wibaux,0.7
30111,Yellowstone,5.3
31001,Adams,6.2
31003,Antelope,2.1
31005,Arthur,4
31007,Banner,6.3
31009,Blaine,2.7
31011,Boone,1.9
31013,Box Butte,4
31015,Boyd,1.9
31017,Brown,0.9
31019,Buffalo,4
31021,Burt,3.2
31023,Butler,3.9
31025,Cass,5.7
31027,Cedar,2.9
31029,Chase,2
31031,Cherry,1.8
31033,Cheyenne,2.4
31035,Clay,4.2
31037,Colfax,7.7
31039,Cuming,2.5
31041,Custer,2.6
31043,Dakota,6.9
31045,Dawes,4.3
31047,Dawson,6.4
31049,Deuel,3.3
31051,Dixon,5.8
31053,Dodge,6.7
31055,Douglas,6.7
31057,Dundy,4.1
31059,Fillmore,2.6
31061,Franklin,5
31063,Frontier,3.3
31065,Furnas,4.5
31067,Gage,5.3
31069,Garden,4.7
31071,Garfield,4.4
31073,Gosper,4.5
31075,Grant,3
31077,Greeley,1.8
31079,Hall,6.5
31081,Hamilton,3
31083,Harlan,2.2
31085,Hayes,1.9
31087,Hitchcock,3.8
31089,Holt,1.2
31091,Hooker,3.4
31093,Howard,5.2
31095,Jefferson,7
31097,Johnson,8.1
31099,Kearney,4
31101,Keith,3.9
31103,Keya Paha,0.2
31105,Kimball,5.5
31107,Knox,4
31109,Lancaster,6.4
31111,Lincoln,5.6
31113,Logan,1
31115,Loup,0
31117,McPherson,2.2
31119,Madison,4.6
31121,Merrick,6.1
31123,Morrill,6.4
31125,Nance,5.1
31127,Nemaha,7.9
31129,Nuckolls,3.5
31131,Otoe,5.2
31133,Pawnee,5.6
31135,Perkins,1.7
31137,Phelps,2.1
31139,Pierce,4.8
31141,Platte,5.3
31143,Polk,3.2
31145,Red Willow,5.2
31147,Richardson,7.4
31149,Rock,2
31151,Saline,6.3
31153,Sarpy,5.5
31155,Saunders,3.5
31157,Scotts Bluff,6.3
31159,Seward,4.5
31161,Sheridan,3.3
31163,Sherman,3
31165,Sioux,1.4
31167,Stanton,3.7
31169,Thayer,1.6
31171,Thomas,1.8
31173,Thurston,14.2
31175,Valley,0.9
31177,Washington,2.4
31179,Wayne,6.5
31181,Webster,5.1
31183,Wheeler,2.3
31185,York,2.4
32001,Churchill,12
32003,Clark,12.7
32005,Douglas,10.8
32007,Elko,5.7
32009,Esmeralda,14.3
32011,Eureka,5.4
32013,Humboldt,9.1
32015,Lander,11.2
32017,Lincoln,12.2
32019,Lyon,17.7
32021,Mineral,15.9
32023,Nye,17.3
32027,Pershing,12.4
32029,Storey,15.2
32031,Washoe,11.1
32033,White Pine,9.9
32510,Carson City,17.5
33001,Belknap,5.7
33003,Carroll,6.5
33005,Cheshire,8.8
33007,Coos,8.5
33009,Grafton,5.9
33011,Hillsborough,7.4
33013,Merrimack,6.3
33015,Rockingham,6.7
33017,Strafford,7.1
33019,Sullivan,6.4
34001,Atlantic,13.1
34003,Bergen,7.6
34005,Burlington,9
34007,Camden,12
34009,Cape May,10.4
34011,Cumberland,14.8
34013,Essex,13.9
34015,Gloucester,10.7
34017,Hudson,10.9
34019,Hunterdon,7.9
34021,Mercer,10.6
34023,Middlesex,9
34025,Monmouth,9
34027,Morris,7.3
34029,Ocean,10.6
34031,Passaic,10.4
34033,Salem,12.8
34035,Somerset,7.2
34037,Sussex,9.2
34039,Union,11
34041,Warren,9.3
35001,Bernalillo,8.5
35003,Catron,11.9
35005,Chaves,7.1
35006,Cibola,17.3
35007,Colfax,6.9
35009,Curry,7.8
35011,De Baca,6.5
35013,DoÃ±a Ana,12.4
35015,Eddy,8.4
35017,Grant,10.5
35019,Guadalupe,4.6
35021,Harding,12.9
35023,Hidalgo,13.6
35025,Lea,8.4
35027,Lincoln,8.6
35028,Los Alamos,4
35029,Luna,14.4
35031,McKinley,11.9
35033,Mora,10.1
35035,Otero,13.1
35037,Quay,4.7
35039,Rio Arriba,14.3
35041,Roosevelt,10.2
35043,Sandoval,9
35045,San Juan,8.1
35047,San Miguel,9
35049,Santa Fe,9.9
35051,Sierra,10.2
35053,Socorro,7.5
35055,Taos,15.1
35057,Torrance,15.8
35059,Union,5.2
35061,Valencia,12.1
36001,Albany,7.3
36003,Allegany,9.5
36005,Bronx,15.2
36007,Broome,8.9
36009,Cattaraugus,9.1
36011,Cayuga,8.3
36013,Chautauqua,8.8
36015,Chemung,7.3
36017,Chenango,9.2
36019,Clinton,8.1
36021,Columbia,8.9
36023,Cortland,7.6
36025,Delaware,10.2
36027,Dutchess,9.4
36029,Erie,8.6
36031,Essex,8.2
36033,Franklin,9.8
36035,Fulton,10.3
36037,Genesee,7.6
36039,Greene,10.3
36041,Hamilton,6.5
36043,Herkimer,9.4
36045,Jefferson,11.6
36047,Kings,10.9
36049,Lewis,8.1
36051,Livingston,6.2
36053,Madison,5.8
36055,Monroe,8.4
36057,Montgomery,10.5
36059,Nassau,7.4
36061,New York,8.8
36063,Niagara,8.7
36065,Oneida,7.8
36067,Onondaga,7.9
36069,Ontario,7.3
36071,Orange,8.3
36073,Orleans,11.4
36075,Oswego,10.7
36077,Otsego,7.8
36079,Putnam,7.6
36081,Queens,9.9
36083,Rensselaer,8.5
36085,Richmond,7.9
36087,Rockland,8.3
36089,St. Lawrence,11.2
36091,Saratoga,6.5
36093,Schenectady,8.4
36095,Schoharie,11.4
36097,Schuyler,7.6
36099,Seneca,6.7
36101,Steuben,9.1
36103,Suffolk,7.4
36105,Sullivan,12.9
36107,Tioga,8.2
36109,Tompkins,5.9
36111,Ulster,9.8
36113,Warren,7.5
36115,Washington,10.2
36117,Wayne,7.9
36119,Westchester,8.4
36121,Wyoming,7.6
36123,Yates,6.9
37001,Alamance,10
37003,Alexander,11.4
37005,Alleghany,11.9
37007,Anson,19.2
37009,Ashe,10.6
37011,Avery,9.1
37013,Beaufort,12.3
37015,Bertie,14.2
37017,Bladen,12.5
37019,Brunswick,14.1
37021,Buncombe,8.5
37023,Burke,13.6
37025,Cabarrus,11.8
37027,Caldwell,14.3
37029,Camden,8.6
37031,Carteret,10.2
37033,Caswell,14
37035,Catawba,10.5
37037,Chatham,9.4
37039,Cherokee,9
37041,Chowan,13.1
37043,Clay,17.3
37045,Cleveland,13.5
37047,Columbus,12.6
37049,Craven,13.1
37051,Cumberland,13.4
37053,Currituck,9.4
37055,Dare,7.5
37057,Davidson,12.4
37059,Davie,8.4
37061,Duplin,11.5
37063,Durham,8.4
37065,Edgecombe,19.6
37067,Forsyth,10.3
37069,Franklin,13.1
37071,Gaston,13.7
37073,Gates,11.6
37075,Graham,11
37077,Granville,10.6
37079,Greene,11.2
37081,Guilford,10.7
37083,Halifax,16.5
37085,Harnett,12
37087,Haywood,8.5
37089,Henderson,9.4
37091,Hertford,16.3
37093,Hoke,14.6
37095,Hyde,8.6
37097,Iredell,12
37099,Jackson,8
37101,Johnston,11.2
37103,Jones,11.4
37105,Lee,11.8
37107,Lenoir,13.3
37109,Lincoln,13.1
37111,McDowell,13.9
37113,Macon,10.3
37115,Madison,8.5
37117,Martin,16.5
37119,Mecklenburg,10.6
37121,Mitchell,11
37123,Montgomery,14.1
37125,Moore,11.4
37127,Nash,13.2
37129,New Hanover,10.4
37131,Northampton,18.9
37133,Onslow,12.8
37135,Orange,7.5
37137,Pamlico,9.6
37139,Pasquotank,12.9
37141,Pender,11
37143,Perquimans,14
37145,Person,11.9
37147,Pitt,11.8
37149,Polk,13.6
37151,Randolph,10.8
37153,Richmond,16.1
37155,Robeson,12.8
37157,Rockingham,12.7
37159,Rowan,12.9
37161,Rutherford,16
37163,Sampson,11.9
37165,Scotland,17.2
37167,Stanly,14.1
37169,Stokes,10.8
37171,Surry,9.8
37173,Swain,9.1
37175,Transylvania,9.4
37177,Tyrrell,18.2
37179,Union,9.4
37181,Vance,11.8
37183,Wake,7.8
37185,Warren,10.2
37187,Washington,21.9
37189,Watauga,10.2
37191,Wayne,12.9
37193,Wilkes,14.9
37195,Wilson,12.8
37197,Yadkin,10.3
37199,Yancey,10.6
38001,Adams,2.7
38003,Barnes,1.5
38005,Benson,6
38007,Billings,5.2
38009,Bottineau,3.3
38011,Bowman,2.4
38013,Burke,1.7
38015,Burleigh,2.6
38017,Cass,4
38019,Cavalier,1.9
38021,Dickey,1.7
38023,Divide,1
38025,Dunn,2.5
38027,Eddy,3.6
38029,Emmons,4.9
38031,Foster,1.2
38033,Golden Valley,2.2
38035,Grand Forks,4.3
38037,Grant,2.5
38039,Griggs,4.3
38041,Hettinger,1.4
38043,Kidder,3.1
38045,LaMoure,3.1
38047,Logan,2
38049,McHenry,3.5
38051,McIntosh,4
38053,McKenzie,3.2
38055,McLean,2.2
38057,Mercer,4.7
38059,Morton,2.9
38061,Mountrail,3
38063,Nelson,1.7
38065,Oliver,2.3
38067,Pembina,4.3
38069,Pierce,1.9
38071,Ramsey,1.7
38073,Ransom,5.4
38075,Renville,2
38077,Richland,3.6
38079,Rolette,3.7
38081,Sargent,1.4
38083,Sheridan,2.1
38085,Sioux,22.9
38087,Slope,1.5
38089,Stark,2.5
38091,Steele,3.2
38093,Stutsman,3.2
38095,Towner,0.8
38097,Traill,2.5
38099,Walsh,3
38101,Ward,2.8
38103,Wells,1.9
38105,Williams,1
39001,Adams,15.4
39003,Allen,11.4
39005,Ashland,10.9
39007,Ashtabula,11.1
39009,Athens,12.4
39011,Auglaize,7.2
39013,Belmont,9
39015,Brown,12.3
39017,Butler,9.1
39019,Carroll,8.9
39021,Champaign,11.5
39023,Clark,11.5
39025,Clermont,7.5
39027,Clinton,11.9
39029,Columbiana,10.8
39031,Coshocton,10.4
39033,Crawford,11.5
39035,Cuyahoga,12.1
39037,Darke,10
39039,Defiance,11.1
39041,Delaware,4.4
39043,Erie,8.8
39045,Fairfield,8.2
39047,Fayette,11.8
39049,Franklin,8.7
39051,Fulton,9.9
39053,Gallia,9.1
39055,Geauga,6
39057,Greene,8.5
39059,Guernsey,11.4
39061,Hamilton,9.8
39063,Hancock,8.6
39065,Hardin,11.7
39067,Harrison,7.6
39069,Henry,9.4
39071,Highland,15.5
39073,Hocking,10.5
39075,Holmes,6.2
39077,Huron,9.7
39079,Jackson,11.5
39081,Jefferson,8.8
39083,Knox,7.6
39085,Lake,7.8
39087,Lawrence,9.1
39089,Licking,8.2
39091,Logan,10.9
39093,Lorain,10.3
39095,Lucas,13.8
39097,Madison,6.5
39099,Mahoning,11.6
39101,Marion,10.1
39103,Medina,6.3
39105,Meigs,15.9
39107,Mercer,7.6
39109,Miami,8.9
39111,Monroe,6.7
39113,Montgomery,11.5
39115,Morgan,10.4
39117,Morrow,9.1
39119,Muskingum,10.1
39121,Noble,11.3
39123,Ottawa,6.9
39125,Paulding,9.4
39127,Perry,11.6
39129,Pickaway,8.2
39131,Pike,18.9
39133,Portage,11.1
39135,Preble,8.6
39137,Putnam,4.9
39139,Richland,10.2
39141,Ross,14.8
39143,Sandusky,8.6
39145,Scioto,11.7
39147,Seneca,11.4
39149,Shelby,8.9
39151,Stark,10.6
39153,Summit,10.3
39155,Trumbull,10
39157,Tuscarawas,9.4
39159,Union,6.3
39161,Van Wert,10.7
39163,Vinton,9.4
39165,Warren,7.8
39167,Washington,9.2
39169,Wayne,6.8
39171,Williams,11.9
39173,Wood,10.3
39175,Wyandot,8.1
40001,Adair,8.1
40003,Alfalfa,6.1
40005,Atoka,10
40007,Beaver,4.5
40009,Beckham,2.9
40011,Blaine,2.9
40013,Bryan,8.9
40015,Caddo,10.2
40017,Canadian,5.2
40019,Carter,6.9
40021,Cherokee,7.7
40023,Choctaw,11.3
40025,Cimarron,1.3
40027,Cleveland,5.5
40029,Coal,7.9
40031,Comanche,9.6
40033,Cotton,7.6
40035,Craig,5.7
40037,Creek,8.7
40039,Custer,3.7
40041,Delaware,9
40043,Dewey,2.5
40045,Ellis,3.2
40047,Garfield,6.2
40049,Garvin,5.4
40051,Grady,4.5
40053,Grant,4.8
40055,Greer,2.4
40057,Harmon,10
40059,Harper,2.9
40061,Haskell,9.7
40063,Hughes,8.5
40065,Jackson,7.6
40067,Jefferson,6.3
40069,Johnston,8.4
40071,Kay,7.9
40073,Kingfisher,4.5
40075,Kiowa,5.3
40077,Latimer,9.9
40079,Le Flore,11.6
40081,Lincoln,7.5
40083,Logan,6
40085,Love,3.5
40087,McClain,4.5
40089,McCurtain,10.5
40091,McIntosh,10.3
40093,Major,5.1
40095,Marshall,9
40097,Mayes,8.8
40099,Murray,5.4
40101,Muskogee,8.9
40103,Noble,6.9
40105,Nowata,10.3
40107,Okfuskee,9.2
40109,Oklahoma,6.8
40111,Okmulgee,11.2
40113,Osage,6.8
40115,Ottawa,9.9
40117,Pawnee,8.1
40119,Payne,6.1
40121,Pittsburg,5.8
40123,Pontotoc,6.4
40125,Pottawatomie,7.1
40127,Pushmataha,10.9
40129,Roger Mills,2.6
40131,Rogers,6.4
40133,Seminole,9.2
40135,Sequoyah,11.1
40137,Stephens,7.9
40139,Texas,6.6
40141,Tillman,8.6
40143,Tulsa,7.2
40145,Wagoner,6.7
40147,Washington,6.9
40149,Washita,3.9
40151,Woods,3.8
40153,Woodward,3.9
41001,Baker,11.4
41003,Benton,8.5
41005,Clackamas,10.4
41007,Clatsop,9.6
41009,Columbia,13.2
41011,Coos,13.1
41013,Crook,17.2
41015,Curry,15.1
41017,Deschutes,12.2
41019,Douglas,14.1
41021,Gilliam,11.7
41023,Grant,10.8
41025,Harney,10.4
41027,Hood River,5.3
41029,Jackson,13.1
41031,Jefferson,16.1
41033,Josephine,15.2
41035,Klamath,13.8
41037,Lake,13.3
41039,Lane,12.3
41041,Lincoln,10.3
41043,Linn,10.8
41045,Malheur,14.6
41047,Marion,13.3
41049,Morrow,10.1
41051,Multnomah,10.6
41053,Polk,11.3
41055,Sherman,7.7
41057,Tillamook,9
41059,Umatilla,10.9
41061,Union,9.3
41063,Wallowa,12.2
41065,Wasco,10.8
41067,Washington,9.6
41069,Wheeler,10.4
41071,Yamhill,10.7
42001,Adams,5.9
42003,Allegheny,7.9
42005,Armstrong,8.5
42007,Beaver,7.6
42009,Bedford,8.1
42011,Berks,9.8
42013,Blair,7.3
42015,Bradford,6
42017,Bucks,8.1
42019,Butler,7
42021,Cambria,8.8
42023,Cameron,7.1
42025,Carbon,10.4
42027,Centre,5.8
42029,Chester,6.7
42031,Clarion,8.9
42033,Clearfield,9.4
42035,Clinton,7.5
42037,Columbia,6.3
42039,Crawford,9.1
42041,Cumberland,6.5
42043,Dauphin,7.7
42045,Delaware,9.1
42047,Elk,6.9
42049,Erie,9.3
42051,Fayette,10
42053,Forest,7.3
42055,Franklin,7.9
42057,Fulton,9.6
42059,Greene,7.3
42061,Huntingdon,7.8
42063,Indiana,8.6
42065,Jefferson,7.7
42067,Juniata,7.9
42069,Lackawanna,8
42071,Lancaster,7.4
42073,Lawrence,8
42075,Lebanon,7.6
42077,Lehigh,10.1
42079,Luzerne,8.4
42081,Lycoming,9
42083,McKean,10.7
42085,Mercer,9.4
42087,Mifflin,9
42089,Monroe,13.7
42091,Montgomery,7.1
42093,Montour,7.6
42095,Northampton,8.6
42097,Northumberland,9.3
42099,Perry,8
42101,Philadelphia,15.1
42103,Pike,13.4
42105,Potter,7.6
42107,Schuylkill,9.6
42109,Snyder,6.3
42111,Somerset,8.5
42113,Sullivan,7.9
42115,Susquehanna,8.6
42117,Tioga,8.6
42119,Union,8
42121,Venango,8.5
42123,Warren,7.4
42125,Washington,7.5
42127,Wayne,7.9
42129,Westmoreland,6.9
42131,Wyoming,7.9
42133,York,8.8
44001,Bristol,8.6
44003,Kent,9.6
44005,Newport,7.1
44007,Providence,11.1
44009,Washington,7.3
45001,Abbeville,14.6
45003,Aiken,10.9
45005,Allendale,23.6
45007,Anderson,11.2
45009,Bamberg,10.9
45011,Barnwell,17
45013,Beaufort,8.8
45015,Berkeley,11.9
45017,Calhoun,12
45019,Charleston,9.8
45021,Cherokee,15.3
45023,Chester,17
45025,Chesterfield,12.4
45027,Clarendon,19.3
45029,Colleton,14.2
45031,Darlington,15.6
45033,Dillon,15.3
45035,Dorchester,10.1
45037,Edgefield,11.1
45039,Fairfield,13.8
45041,Florence,12.9
45043,Georgetown,13.1
45045,Greenville,9.4
45047,Greenwood,14.5
45049,Hampton,14.5
45051,Horry,11.3
45053,Jasper,12
45055,Kershaw,11.5
45057,Lancaster,13.4
45059,Laurens,12.4
45061,Lee,17.5
45063,Lexington,9.1
45065,McCormick,14.2
45067,Marion,16
45069,Marlboro,15.8
45071,Newberry,11.4
45073,Oconee,12.7
45075,Orangeburg,14.3
45077,Pickens,11.8
45079,Richland,11.1
45081,Saluda,12
45083,Spartanburg,11.1
45085,Sumter,14.1
45087,Union,15.6
45089,Williamsburg,13.2
45091,York,10.7
46003,Aurora,2.6
46005,Beadle,3.1
46007,Bennett,15.9
46009,Bon Homme,2.2
46011,Brookings,4.5
46013,Brown,2.9
46015,Brule,3.7
46017,Buffalo,22.6
46019,Butte,4.8
46021,Campbell,0.4
46023,Charles Mix,7
46025,Clark,3.2
46027,Clay,7.4
46029,Codington,3.9
46031,Corson,25.5
46033,Custer,5.3
46035,Davison,3
46037,Day,5
46039,Deuel,5.2
46041,Dewey,23.4
46043,Douglas,1
46045,Edmunds,1
46047,Fall River,6.6
46049,Faulk,2.4
46051,Grant,3.4
46053,Gregory,4.4
46055,Haakon,2.3
46057,Hamlin,4.3
46059,Hand,3.1
46061,Hanson,1.7
46063,Harding,1.6
46065,Hughes,3.2
46067,Hutchinson,3.2
46069,Hyde,4.6
46071,Jackson,19
46073,Jerauld,1.5
46075,Jones,6.5
46077,Kingsbury,2.6
46079,Lake,4.6
46081,Lawrence,4.5
46083,Lincoln,1.5
46085,Lyman,10.3
46087,McCook,2.8
46089,McPherson,0.9
46091,Marshall,2.3
46093,Meade,3.6
46095,Mellette,16.1
46097,Miner,2.1
46099,Minnehaha,4.7
46101,Moody,5.4
46102,Oglala Lakota,6
46103,Pennington,3.6
46105,Perkins,0.9
46107,Potter,6.7
46109,Roberts,2.6
46111,Sanborn,25.2
46115,Spink,1.8
46117,Stanley,2.6
46119,Sully,2.6
46121,Todd,28.8
46123,Tripp,3.8
46125,Turner,2.6
46127,Union,3.2
46129,Walworth,5
46135,Yankton,4.5
46137,Ziebach,28.8
47001,Anderson,8.9
47003,Bedford,9.9
47005,Benton,16.7
47007,Bledsoe,13
47009,Blount,9.1
47011,Bradley,12
47013,Campbell,12.9
47015,Cannon,13.9
47017,Carroll,12.6
47019,Carter,9.9
47021,Cheatham,9.1
47023,Chester,12.5
47025,Claiborne,9.7
47027,Clay,9.7
47029,Cocke,14.7
47031,Coffee,12
47033,Crockett,9.4
47035,Cumberland,10.4
47037,Davidson,8.8
47039,Decatur,13.1
47041,DeKalb,10.2
47043,Dickson,9.5
47045,Dyer,9.5
47047,Fayette,10
47049,Fentress,10.1
47051,Franklin,11.7
47053,Gibson,12.6
47055,Giles,11.9
47057,Grainger,13.1
47059,Greene,10.1
47061,Grundy,10.9
47063,Hamblen,12.3
47065,Hamilton,9.5
47067,Hancock,16.9
47069,Hardeman,20.1
47071,Hardin,16.1
47073,Hawkins,11
47075,Haywood,13.7
47077,Henderson,12.1
47079,Henry,13.2
47081,Hickman,10.8
47083,Houston,9.6
47085,Humphreys,12.4
47087,Jackson,15.4
47089,Jefferson,12.3
47091,Johnson,12.2
47093,Knox,7.3
47095,Lake,14.3
47097,Lauderdale,16.9
47099,Lawrence,11
47101,Lewis,15.1
47103,Lincoln,8.4
47105,Loudon,11.4
47107,McMinn,10.4
47109,McNairy,15.1
47111,Macon,12.7
47113,Madison,12.5
47115,Marion,9
47117,Marshall,12.5
47119,Maury,9.7
47121,Meigs,17.5
47123,Monroe,14.8
47125,Montgomery,10.3
47127,Moore,10.3
47129,Morgan,9
47131,Obion,13
47133,Overton,10.3
47135,Perry,13
47137,Pickett,7.2
47139,Polk,12.6
47141,Putnam,10
47143,Rhea,14.6
47145,Roane,10.8
47147,Robertson,9.4
47149,Rutherford,8.8
47151,Scott,15.4
47153,Sequatchie,13.1
47155,Sevier,9.3
47157,Shelby,11.9
47159,Smith,9.6
47161,Stewart,12.6
47163,Sullivan,9.5
47165,Sumner,7.5
47167,Tipton,12.8
47169,Trousdale,12.1
47171,Unicoi,8.4
47173,Union,11.1
47175,Van Buren,8.1
47177,Warren,9.8
47179,Washington,7.2
47181,Wayne,13.4
47183,Weakley,14.3
47185,White,12.8
47187,Williamson,5.1
47189,Wilson,8
48001,Anderson,7.3
48003,Andrews,5.9
48005,Angelina,8.5
48007,Aransas,7.3
48009,Archer,3.4
48011,Armstrong,4
48013,Atascosa,8.9
48015,Austin,8.4
48017,Bailey,8.1
48019,Bandera,6.6
48021,Bastrop,9.4
48023,Baylor,2.2
48025,Bee,9
48027,Bell,9.5
48029,Bexar,8.2
48031,Blanco,8.7
48033,Borden,3.4
48035,Bosque,9.8
48037,Bowie,9.4
48039,Brazoria,6.4
48041,Brazos,8.1
48043,Brewster,4.8
48045,Briscoe,4.5
48047,Brooks,11.9
48049,Brown,4.1
48051,Burleson,8.4
48053,Burnet,6.2
48055,Caldwell,8.5
48057,Calhoun,10.5
48059,Callahan,6.5
48061,Cameron,10.7
48063,Camp,11.1
48065,Carson,2.2
48067,Cass,11.6
48069,Castro,6.1
48071,Chambers,7.5
48073,Cherokee,7.3
48075,Childress,6
48077,Clay,5.5
48079,Cochran,13.6
48081,Coke,5.7
48083,Coleman,6.1
48085,Collin,5.7
48087,Collingsworth,4.4
48089,Colorado,5.3
48091,Comal,6.4
48093,Comanche,7.6
48095,Concho,5.9
48097,Cooke,9.1
48099,Coryell,9.8
48101,Cottle,3.5
48103,Crane,10
48105,Crockett,7.6
48107,Crosby,10.2
48109,Culberson,11.9
48111,Dallam,4.8
48113,Dallas,9
48115,Dawson,9.5
48117,Deaf Smith,4.4
48119,Delta,12
48121,Denton,6.8
48123,DeWitt,5.6
48125,Dickens,8.2
48127,Dimmit,13.9
48129,Donley,3.9
48131,Duval,11.2
48133,Eastland,4.1
48135,Ector,6.2
48137,Edwards,9
48139,Ellis,8.1
48141,El Paso,9
48143,Erath,6
48145,Falls,8.1
48147,Fannin,8
48149,Fayette,2.7
48151,Fisher,5.6
48153,Floyd,5.1
48155,Foard,15.8
48157,Fort Bend,5.6
48159,Franklin,5
48161,Freestone,5.3
48163,Frio,7.6
48165,Gaines,5.8
48167,Galveston,8.8
48169,Garza,1.5
48171,Gillespie,5.7
48173,Glasscock,1.9
48175,Goliad,4.8
48177,Gonzales,9.6
48179,Gray,8
48181,Grayson,9.6
48183,Gregg,7.1
48185,Grimes,9
48187,Guadalupe,7.2
48189,Hale,7.4
48191,Hall,10.2
48193,Hamilton,7
48195,Hansford,2.1
48197,Hardeman,12.7
48199,Hardin,7
48201,Harris,8.6
48203,Harrison,9.6
48205,Hartley,2.1
48207,Haskell,7.5
48209,Hays,7.5
48211,Hemphill,3.3
48213,Henderson,9.8
48215,Hidalgo,10.8
48217,Hill,9
48219,Hockley,6.8
48221,Hood,7.5
48223,Hopkins,8.4
48225,Houston,9.8
48227,Howard,7.9
48229,Hudspeth,8.2
48231,Hunt,12.7
48233,Hutchinson,7.9
48235,Irion,4.5
48237,Jack,6
48239,Jackson,4.7
48241,Jasper,12.1
48243,Jeff Davis,4.6
48245,Jefferson,10.7
48247,Jim Hogg,11.7
48249,Jim Wells,8
48251,Johnson,8.4
48253,Jones,8.2
48255,Karnes,6.5
48257,Kaufman,9.1
48259,Kendall,4.2
48261,Kenedy,0
48263,Kent,3.1
48265,Kerr,8.3
48267,Kimble,6.9
48269,King,5.4
48271,Kinney,13.3
48273,Kleberg,10.5
48275,Knox,5.8
48277,Lamar,7.5
48279,Lamb,9.8
48281,Lampasas,8.8
48283,La Salle,11.2
48285,Lavaca,6.9
48287,Lee,5.9
48289,Leon,7.3
48291,Liberty,12.6
48293,Limestone,6.8
48295,Lipscomb,4
48297,Live Oak,5.9
48299,Llano,6.1
48301,Loving,10
48303,Lubbock,7
48305,Lynn,6.1
48307,McCulloch,5.8
48309,McLennan,7.5
48311,McMullen,2.4
48313,Madison,6.9
48315,Marion,8.1
48317,Martin,7
48319,Mason,6
48321,Matagorda,7.7
48323,Maverick,12.3
48325,Medina,7.6
48327,Menard,9.5
48329,Midland,4.3
48331,Milam,11.2
48333,Mills,4.3
48335,Mitchell,7.3
48337,Montague,7.4
48339,Montgomery,7.1
48341,Moore,5.1
48343,Morris,12.4
48345,Motley,10.3
48347,Nacogdoches,8.1
48349,Navarro,10.2
48351,Newton,12.9
48353,Nolan,8.9
48355,Nueces,8.1
48357,Ochiltree,8.6
48359,Oldham,8.4
48361,Orange,9.3
48363,Palo Pinto,7.6
48365,Panola,6.4
48367,Parker,7.2
48369,Parmer,5.3
48371,Pecos,4
48373,Polk,13.8
48375,Potter,5.9
48377,Presidio,10.7
48379,Rains,8.9
48381,Randall,4.4
48383,Reagan,2.9
48385,Real,14.9
48387,Red River,9.3
48389,Reeves,10.4
48391,Refugio,6.1
48393,Roberts,4
48395,Robertson,11
48397,Rockwall,7.4
48399,Runnels,3
48401,Rusk,6.4
48403,Sabine,13.7
48405,San Augustine,14.2
48407,San Jacinto,13.4
48409,San Patricio,7.9
48411,San Saba,6.7
48413,Schleicher,4.7
48415,Scurry,4.1
48417,Shackelford,4.3
48419,Shelby,7.6
48421,Sherman,7.1
48423,Smith,8.1
48425,Somervell,2.6
48427,Starr,13
48429,Stephens,5
48431,Sterling,0.5
48433,Stonewall,7.2
48435,Sutton,1.9
48437,Swisher,10.8
48439,Tarrant,8.4
48441,Taylor,6.6
48443,Terrell,0
48445,Terry,7.1
48447,Throckmorton,1.2
48449,Titus,7.7
48451,Tom Green,7.1
48453,Travis,7.4
48455,Trinity,9.1
48457,Tyler,12.7
48459,Upshur,8.9
48461,Upton,3.2
48463,Uvalde,10.6
48465,Val Verde,10.3
48467,Van Zandt,7
48469,Victoria,7.6
48471,Walker,5.3
48473,Waller,9.4
48475,Ward,4.6
48477,Washington,4.4
48479,Webb,6.9
48481,Wharton,7.2
48483,Wheeler,4.7
48485,Wichita,6.7
48487,Wilbarger,5.4
48489,Willacy,8.1
48491,Williamson,7.5
48493,Wilson,5.5
48495,Winkler,3.5
48497,Wise,10.7
48499,Wood,9.1
48501,Yoakum,8.1
48503,Young,5.9
48505,Zapata,8.2
48507,Zavala,12.2
49001,Beaver,10.6
49003,Box Elder,6.5
49005,Cache,7.2
49007,Carbon,8.8
49009,Daggett,7.8
49011,Davis,5.1
49013,Duchesne,4.5
49015,Emery,6.1
49017,Garfield,6.9
49019,Grand,7
49021,Iron,13.7
49023,Juab,5.8
49025,Kane,5.9
49027,Millard,5.8
49029,Morgan,5.3
49031,Piute,9.4
49033,Rich,8.3
49035,Salt Lake,7.6
49037,San Juan,8.9
49039,Sanpete,9.6
49041,Sevier,6.2
49043,Summit,5.3
49045,Tooele,6.8
49047,Uintah,6.3
49049,Utah,7.2
49051,Wasatch,6.1
49053,Washington,10.2
49055,Wayne,3.5
49057,Weber,7.9
50001,Addison,7.3
50003,Bennington,7.9
50005,Caledonia,8.3
50007,Chittenden,6.1
50009,Essex,11.4
50011,Franklin,6.4
50013,Grand Isle,7.7
50015,Lamoille,4.5
50017,Orange,6.6
50019,Orleans,7.2
50021,Rutland,8.7
50023,Washington,5.8
50025,Windham,7
50027,Windsor,6.3
51001,Accomack,6.4
51003,Albemarle,4.5
51005,Alleghany,7.1
51007,Amelia,7.2
51009,Amherst,7.5
51011,Appomattox,7.4
51013,Arlington,3.9
51015,Augusta,5.6
51017,Bath,1.6
51019,Bedford,6.9
51021,Bland,8.1
51023,Botetourt,5.5
51025,Brunswick,11.6
51027,Buchanan,11.4
51029,Buckingham,10.8
51031,Campbell,7.7
51033,Caroline,12.3
51035,Carroll,8.3
51036,Charles City,8.1
51037,Charlotte,7.1
51041,Chesterfield,7.4
51043,Clarke,6.3
51045,Craig,6
51047,Culpeper,6.9
51049,Cumberland,9.2
51051,Dickenson,10
51053,Dinwiddie,10.1
51057,Essex,7
51059,Fairfax,5.2
51061,Fauquier,6.4
51063,Floyd,8.2
51065,Fluvanna,5
51067,Franklin,8.3
51069,Frederick,7
51071,Giles,6.7
51073,Gloucester,5.8
51075,Goochland,5.6
51077,Grayson,8.4
51079,Greene,6
51081,Greensville,8.7
51083,Halifax,9.8
51085,Hanover,5.3
51087,Henrico,7.9
51089,Henry,13.1
51091,Highland,2.3
51093,Isle of Wight,7.7
51095,James City,6.4
51097,King and Queen,6.1
51099,King George,7.3
51101,King William,5.8
51103,Lancaster,8.5
51105,Lee,11.2
51107,Loudoun,4.5
51109,Louisa,8.2
51111,Lunenburg,9.9
51113,Madison,7.2
51115,Mathews,5.7
51117,Mecklenburg,9.6
51119,Middlesex,6.6
51121,Montgomery,6.3
51125,Nelson,9.1
51127,New Kent,8.6
51131,Northampton,11.3
51133,Northumberland,9.8
51135,Nottoway,13.2
51137,Orange,9.6
51139,Page,11.4
51141,Patrick,10.9
51143,Pittsylvania,9.3
51145,Powhatan,6.4
51147,Prince Edward,8.4
51149,Prince George,10.9
51153,Prince William,6.4
51155,Pulaski,9
51157,Rappahannock,4.2
51159,Richmond,10.5
51161,Roanoke,5.6
51163,Rockbridge,3.4
51165,Rockingham,5.9
51167,Russell,7.9
51169,Scott,9.5
51171,Shenandoah,5.7
51173,Smyth,8.1
51175,Southampton,6.9
51177,Spotsylvania,7
51179,Stafford,6.6
51181,Surry,11
51183,Sussex,6.5
51185,Tazewell,8.6
51187,Warren,8.2
51191,Washington,7.1
51193,Westmoreland,10.8
51195,Wise,10.7
51197,Wythe,9.8
51199,York,5.1
51510,Alexandria city,5
51520,Bristol city,12.7
51530,Buena Vista city,7.9
51540,Charlottesville city,5.7
51550,Chesapeake city,7.5
51570,Colonial Heights city,8.3
51580,Covington city,5.8
51590,Danville city,15.6
51595,Emporia city,18.6
51600,Fairfax city,5.7
51610,Falls Church city,4.9
51620,Franklin city,12.3
51630,Fredericksburg city,11
51640,Galax city,7.4
51650,Hampton city,10.7
51660,Harrisonburg city,7.6
51670,Hopewell city,16.5
51678,Lexington city,3.7
51680,Lynchburg city,11.7
51683,Manassas city,7.2
51685,Manassas Park city,4.5
51690,Martinsville city,14
51700,Newport News city,9.8
51710,Norfolk city,11.9
51720,Norton city,8
51730,Petersburg city,16.6
51735,Poquoson city,4.4
51740,Portsmouth city,10.6
51750,Radford city,8.6
51760,Richmond city,11.3
51770,Roanoke city,8.5
51775,Salem city,7.2
51790,Staunton city,7.2
51800,Suffolk city,8.6
51810,Virginia Beach city,6.5
51820,Waynesboro city,8.6
51830,Williamsburg city,8.4
51840,Winchester city,7.2
53001,Adams,12.5
53003,Asotin,8.1
53005,Benton,7.3
53007,Chelan,8.7
53009,Clallam,11
53011,Clark,11.2
53013,Columbia,7.5
53015,Cowlitz,13.2
53017,Douglas,8.3
53019,Ferry,14.3
53021,Franklin,8.9
53023,Garfield,7.3
53025,Grant,12.5
53027,Grays Harbor,16.1
53029,Island,9.6
53031,Jefferson,11.3
53033,King,7.7
53035,Kitsap,9.6
53037,Kittitas,10.2
53039,Klickitat,10
53041,Lewis,13.5
53043,Lincoln,5.4
53045,Mason,14.4
53047,Okanogan,11.1
53049,Pacific,9.6
53051,Pend Oreille,12.9
53053,Pierce,10.9
53055,San Juan,6.2
53057,Skagit,9.8
53059,Skamania,11.1
53061,Snohomish,9.3
53063,Spokane,10
53065,Stevens,11.4
53067,Thurston,9.4
53069,Wahkiakum,13.3
53071,Walla Walla,7.3
53073,Whatcom,9.4
53075,Whitman,6.1
53077,Yakima,11
54001,Barbour,8
54003,Berkeley,11.9
54005,Boone,10.3
54007,Braxton,13.5
54009,Brooke,10.1
54011,Cabell,7.8
54013,Calhoun,16.2
54015,Clay,8.8
54017,Doddridge,8.4
54019,Fayette,10.3
54021,Gilmer,8.9
54023,Grant,7.2
54025,Greenbrier,7.5
54027,Hampshire,10
54029,Hancock,10
54031,Hardy,10.6
54033,Harrison,7.2
54035,Jackson,8.3
54037,Jefferson,9
54039,Kanawha,7.4
54041,Lewis,7.1
54043,Lincoln,9.4
54045,Logan,10.3
54047,McDowell,12.1
54049,Marion,5.3
54051,Marshall,8.2
54053,Mason,8.6
54055,Mercer,6.6
54057,Mineral,11.7
54059,Mingo,10.2
54061,Monongalia,5.9
54063,Monroe,9.2
54065,Morgan,16.2
54067,Nicholas,8.3
54069,Ohio,6.5
54071,Pendleton,3.1
54073,Pleasants,8.1
54075,Pocahontas,8.1
54077,Preston,7.8
54079,Putnam,4.9
54081,Raleigh,6.7
54083,Randolph,8.3
54085,Ritchie,10.8
54087,Roane,10.5
54089,Summers,7.9
54091,Taylor,9.2
54093,Tucker,6.3
54095,Tyler,12.6
54097,Upshur,6.4
54099,Wayne,9
54101,Webster,13.9
54103,Wetzel,8.5
54105,Wirt,17.1
54107,Wood,9.8
54109,Wyoming,6.5
55001,Adams,11.5
55003,Ashland,8.8
55005,Barron,7.8
55007,Bayfield,8.9
55009,Brown,7.4
55011,Buffalo,5.4
55013,Burnett,11
55015,Calumet,4.8
55017,Chippewa,7.6
55019,Clark,6.1
55021,Columbia,6.2
55023,Crawford,7.4
55025,Dane,5.7
55027,Dodge,8
55029,Door,7.3
55031,Douglas,8.4
55033,Dunn,7.7
55035,Eau Claire,6.3
55037,Florence,7.2
55039,Fond du Lac,7
55041,Forest,9.3
55043,Grant,4.8
55045,Green,5.6
55047,Green Lake,6.9
55049,Iowa,5.4
55051,Iron,9
55053,Jackson,6.1
55055,Jefferson,7.2
55057,Juneau,10
55059,Kenosha,11.2
55061,Kewaunee,6.3
55063,La Crosse,5.9
55065,Lafayette,4.4
55067,Langlade,8
55069,Lincoln,7.7
55071,Manitowoc,7.8
55073,Marathon,7.2
55075,Marinette,9.8
55077,Marquette,9.3
55078,Menominee,20.4
55079,Milwaukee,11.2
55081,Monroe,6.3
55083,Oconto,7.7
55085,Oneida,7.5
55087,Outagamie,5.5
55089,Ozaukee,5.8
55091,Pepin,6.3
55093,Pierce,5
55095,Polk,8.8
55097,Portage,8.1
55099,Price,6.3
55101,Racine,10.3
55103,Richland,6
55105,Rock,10.3
55107,Rusk,9.3
55109,St. Croix,6.8
55111,Sauk,6.9
55113,Sawyer,9.4
55115,Shawano,7.8
55117,Sheboygan,7.1
55119,Taylor,7.7
55121,Trempealeau,5.6
55123,Vernon,5.5
55125,Vilas,9.8
55127,Walworth,8.4
55129,Washburn,8.1
55131,Washington,6.2
55133,Waukesha,5.7
55135,Waupaca,7.7
55137,Waushara,8.4
55139,Winnebago,6.5
55141,Wood,7.4
56001,Albany,4.9
56003,Big Horn,5.6
56005,Campbell,4.1
56007,Carbon,4.8
56009,Converse,4.6
56011,Crook,3.7
56013,Fremont,9.9
56015,Goshen,5.2
56017,Hot Springs,3.2
56019,Johnson,1.7
56021,Laramie,5.7
56023,Lincoln,9.1
56025,Natrona,5.8
56027,Niobrara,3.8
56029,Park,3.8
56031,Platte,2.5
56033,Sheridan,4.5
56035,Sublette,4.9
56037,Sweetwater,6.4
56039,Teton,4
56041,Uinta,6
56043,Washakie,5.3
56045,Weston,4.1
72001,Adjuntas,27.2
72003,Aguada,30.3
72005,Aguadilla,25.9
72007,Aguas Buenas,16.5
72009,Aibonito,10
72011,AÃ±asco,11.9
72013,Arecibo,15.8
72015,Arroyo,29.4
72017,Barceloneta,20.3
72019,Barranquitas,12.5
72021,BayamÃ³n,18.1
72023,Cabo Rojo,12.2
72025,Caguas,15.8
72027,Camuy,19.9
72029,CanÃ³vanas,20.1
72031,Carolina,14.5
72033,CataÃ±o,28.8
72035,Cayey,15.1
72037,Ceiba,13.4
72039,Ciales,20.6
72041,Cidra,13.1
72043,Coamo,13.4
72045,ComerÃ­o,11.5
72047,Corozal,15.9
72049,Culebra,6.6
72051,Dorado,16.3
72053,Fajardo,22.1
72054,Florida,16.1
72055,GuÃ¡nica,33.1
72057,Guayama,20.3
72059,Guayanilla,27.1
72061,Guaynabo,14.7
72063,Gurabo,12.6
72065,Hatillo,19.2
72067,Hormigueros,18
72069,Humacao,15.3
72071,Isabela,17.8
72073,Jayuya,26.2
72075,Juana DÃ­az,18.7
72077,Juncos,19.9
72079,Lajas,11.8
72081,Lares,29.7
72083,Las MarÃ­as,6.7
72085,Las Piedras,20
72087,LoÃ­za,26.4
72089,Luquillo,24.5
72091,ManatÃ­,22.2
72093,Maricao,6.3
72095,Maunabo,26.7
72097,MayagÃ¼ez,18.7
72099,Moca,22.5
72101,Morovis,28.1
72103,Naguabo,16.4
72105,Naranjito,13
72107,Orocovis,29.5
72109,Patillas,31.2
72111,PeÃ±uelas,27.3
72113,Ponce,23.3
72115,Quebradillas,17.2
72117,RincÃ³n,24
72119,RÃ­o Grande,22.1
72121,Sabana Grande,29.7
72123,Salinas,21
72125,San GermÃ¡n,7.1
72127,San Juan,16.1
72129,San Lorenzo,16.6
72131,San SebastiÃ¡n,24
72133,Santa Isabel,11.7
72135,Toa Alta,16.2
72137,Toa Baja,17.6
72139,Trujillo Alto,8.8
72141,Utuado,33.7
72143,Vega Alta,21.5
72145,Vega Baja,13.4
72147,Vieques,10.1
72149,Villalba,28.2
72151,Yabucoa,22.3
72153,Yauco,29.8
